id,first_name,last_name,email,gender,ip_address
1,Lainey,Lapsley,llapsley0@opera.com,Female,54.234.119.181
2,Linea,Phillpotts,lphillpotts1@desdev.cn,Female,159.17.205.216
3,Griz,Iddiens,giddiens2@behance.net,Male,187.199.51.216
4,Benedikt,Fasse,bfasse3@state.tx.us,Male,180.34.37.38
5,Karleen,Hamlet,khamlet4@newyorker.com,Female,93.242.182.162
6,Dallis,Cherm,dcherm5@washington.edu,Male,52.52.115.235
7,Rafaela,Whaley,rwhaley6@cyberchimps.com,Female,254.46.213.137
8,Mina,Dive,mdive7@google.cn,Female,217.228.3.153
9,Arnaldo,Brushneen,abrushneen8@netscape.com,Male,209.236.59.156
10,Mignonne,Gantzman,mgantzman9@spiegel.de,Female,82.60.163.133
11,Lindsay,Gedney,lgedneya@infoseek.co.jp,Male,65.127.48.73
12,Reamonn,Gorsse,rgorsseb@com.com,Male,181.202.247.174
13,Batholomew,Davydzenko,bdavydzenkoc@usatoday.com,Male,241.187.58.166
14,Sandro,Jeffcoat,sjeffcoatd@unc.edu,Male,175.66.166.26
15,Jorey,Morson,jmorsone@pcworld.com,Female,1.169.164.141
16,Merry,Arnfield,marnfieldf@arizona.edu,Female,75.62.29.70
17,Glad,Harron,gharrong@zdnet.com,Female,131.232.42.89
18,Dareen,McCard,dmccardh@chronoengine.com,Female,119.154.189.211
19,Fae,Boarleyson,fboarleysoni@craigslist.org,Female,247.188.47.32
20,Charles,Balchen,cbalchenj@pcworld.com,Male,28.240.67.241
